{
  "20": {
    "power_mw": 20,
    "power_dbm": 13.010299956639813,
    "ground_users": 30,
    "air_users": 0,
    "total_users": 30,
    "circular_avg_rate": 451.3602088271528,
    "circular_std": 67.20327878648528,
    "circular_max": 595.7601295136353,
    "circular_min": 346.9763070161895,
    "rotation_avg_rate": 408.17985079151885,
    "rotation_std": 54.643365255611734,
    "rotation_max": 483.31467836768473,
    "rotation_min": 266.45275718343015,
    "rotation_vs_circular_improvement": -9.566717931967672
  },
  "40": {
    "power_mw": 40,
    "power_dbm": 16.02059991327962,
    "ground_users": 30,
    "air_users": 0,
    "total_users": 30,
    "circular_avg_rate": 491.2596230670631,
    "circular_std": 63.16568061504267,
    "circular_max": 622.4740880868967,
    "circular_min": 405.2120398183598,
    "rotation_avg_rate": 477.1085266137454,
    "rotation_std": 55.477384781557596,
    "rotation_max": 579.0128690263236,
    "rotation_min": 349.763825839841,
    "rotation_vs_circular_improvement": -2.880573893895179
  },
  "60": {
    "power_mw": 60,
    "power_dbm": 17.781512503836435,
    "ground_users": 30,
    "air_users": 0,
    "total_users": 30,
    "circular_avg_rate": 515.078659895455,
    "circular_std": 62.533507602827505,
    "circular_max": 636.7530367879189,
    "circular_min": 422.14696348879045,
    "rotation_avg_rate": 519.8386081422501,
    "rotation_std": 57.484970628608394,
    "rotation_max": 642.4435450711342,
    "rotation_min": 407.1055731555292,
    "rotation_vs_circular_improvement": 0.9241206474679556
  },
  "80": {
    "power_mw": 80,
    "power_dbm": 19.030899869919434,
    "ground_users": 30,
    "air_users": 0,
    "total_users": 30,
    "circular_avg_rate": 532.4101080082786,
    "circular_std": 63.21096281587127,
    "circular_max": 646.2715392816161,
    "circular_min": 430.85769822629146,
    "rotation_avg_rate": 550.3238842787771,
    "rotation_std": 59.88411998304467,
    "rotation_max": 687.7166577247106,
    "rotation_min": 449.5821162993234,
    "rotation_vs_circular_improvement": 3.36465743250313
  },
  "100": {
    "power_mw": 100,
    "power_dbm": 20.0,
    "ground_users": 30,
    "air_users": 0,
    "total_users": 30,
    "circular_avg_rate": 546.1659577935761,
    "circular_std": 64.45791649773328,
    "circular_max": 656.6066012172818,
    "circular_min": 437.8195522109025,
    "rotation_avg_rate": 573.8910691469671,
    "rotation_std": 62.36820608463684,
    "rotation_max": 722.5437784444568,
    "rotation_min": 468.0828693346329,
    "rotation_vs_circular_improvement": 5.076316265736519
  },
  "120": {
    "power_mw": 120,
    "power_dbm": 20.791812460476248,
    "ground_users": 30,
    "air_users": 0,
    "total_users": 30,
    "circular_avg_rate": 557.6339707928341,
    "circular_std": 65.95520717855402,
    "circular_max": 669.5239268793003,
    "circular_min": 443.6888502812423,
    "rotation_avg_rate": 593.0476114742943,
    "rotation_std": 64.82907536128424,
    "rotation_max": 750.6226374527546,
    "rotation_min": 483.3777298844007,
    "rotation_vs_circular_improvement": 6.350696431049505
  }
}